{
  "tfytfyf": 18.985004663467407,
  "dkhgkd": 1.1800837516784668,
  "jjhjhh": 80.68880987167358
}